id,trt,work.T1,home.T1,work.T2,home.T2
1,treatment,0.08513597,0.6158293,0.113509,0.05190332
2,control,0.22543662,0.4296715,0.5959253,0.26417767
3,control,0.27453052,0.6516557,0.35805,0.39879073
4,treatment,0.27230507,0.5677378,0.4288094,0.83613414